ID,Title,Department,Sector,Location,Approved Cost,Current Cost,Spent,Start Date,Planned Completion,Expected Completion,Progress,Current Status,Remarks
ST-0001,Doubling Imphal–Jiribam,Ministry of Railways,Railways,Manipur,"7,457.64","7,457.64",434.18,2026-01-14,2029-11-24,2032-04-10,6%,Delayed,"Design changes, Environment clearance"
ST-0002,Ranchi LPG Import Terminal,Ministry of Petroleum & Natural Gas,Petroleum & Natural Gas,Jharkhand,671.17,757.15,441.27,2022-11-07,2027-12-11,2028-07-30,58%,Delayed,
ST-0003,Bhubaneswar Refinery Expansion,Ministry of Petroleum & Natural Gas,Petroleum & Natural Gas,Odisha,"3,496.59","3,496.59","3,529.49",2020-09-15,2025-06-21,2024-10-03,100%,Completed,
ST-0004,Vizag First Mile Connectivity,Ministry of Coal,Coal,Andhra Pradesh,824.07,"1,050.69",632.49,2023-05-03,2027-11-08,2027-11-08,58%,On schedule,
ST-0005,Chennai Dam Rehabilitation,Ministry of Jal Shakti,Water Resources,Tamil Nadu,774.00,840.71,820.53,2021-12-21,2024-06-08,2025-06-25,100%,Completed,"Utility shifting, Rehabilitation & resettlement"
ST-0006,Dehradun–Rishikesh Expressway Pkg-22,Ministry of Road Transport & Highways,Road Transport & Highways,Uttarakhand,729.90,729.90,319.74,2024-09-19,2028-06-30,2028-06-30,44%,On schedule,
ST-0007,Deep Draught Berth at Ludhiana,"Ministry of Ports, Shipping & Waterways",Shipping & Ports,Punjab,"3,613.54","3,613.54",887.98,2024-09-10,2030-07-11,2031-01-01,27%,Delayed,"Utility shifting, Land acquisition"
ST-0008,Chennai Pellet Plant,Ministry of Steel,Steel,Tamil Nadu,"20,654.30","20,654.30","20,850.52",2024-01-06,2026-06-24,2026-10-23,92%,Delayed,
ST-0009,New Line Surat–Vadodara,Ministry of Railways,Railways,Gujarat,"18,485.45","22,630.51","9,703.90",2024-01-24,2028-07-01,2029-03-15,30%,Delayed,"Rehabilitation & resettlement, Contractual issues"
ST-0010,Bypass at Imphal,Ministry of Road Transport & Highways,Road Transport & Highways,Manipur,508.42,508.42,511.44,2019-12-20,2024-02-27,2024-03-21,100%,Completed,
ST-0011,Raipur LPG Import Terminal,Ministry of Petroleum & Natural Gas,Petroleum & Natural Gas,Chhattisgarh,814.83,814.83,763.31,2019-02-05,2021-11-21,2022-01-25,100%,Completed,
ST-0012,New Line Chennai–Vellore,Ministry of Railways,Railways,Tamil Nadu,"3,123.65","3,812.69","1,878.46",2025-01-27,2028-01-12,2028-01-12,35%,On schedule,
ST-0013,Bypass at Lucknow,Ministry of Road Transport & Highways,Road Transport & Highways,Uttar Pradesh,874.94,890.28,855.71,2017-07-14,2020-04-29,2019-11-30,100%,Completed,
ST-0014,Vizag Hydro Electric Project,Ministry of Power,Power,Andhra Pradesh,"8,418.62","8,418.62","8,638.77",2021-11-08,2024-06-25,2024-06-12,100%,Completed,
ST-0015,Dehradun Coal Washery,Ministry of Coal,Coal,Uttarakhand,"4,681.74","5,532.98","3,191.72",2024-10-04,2026-10-24,2027-08-28,60%,Delayed,
ST-0016,Doubling Imphal–Jiribam,Ministry of Railways,Railways,Manipur,"2,187.51","2,187.51","2,293.76",2017-07-17,2020-11-28,2021-09-14,100%,Completed,
ST-0017,Ranchi Metro Phase-III,Ministry of Housing & Urban Affairs,Urban Development,Jharkhand,997.78,"1,126.54","1,042.18",2018-03-08,2020-10-23,2021-07-03,100%,Completed,
ST-0018,Imphal Pellet Plant,Ministry of Steel,Steel,Manipur,377.02,377.02,316.49,2022-10-18,2027-11-21,2027-08-07,83%,On schedule,
ST-0019,Kochi Super Thermal Power Project Stage-I,Ministry of Power,Power,Kerala,"4,386.84","4,386.84","4,434.41",2017-11-03,2020-10-18,2020-07-21,100%,Completed,
ST-0020,Imphal–Jiribam Natural Gas Pipeline,Ministry of Petroleum & Natural Gas,Petroleum & Natural Gas,Manipur,"3,467.68","4,239.80","4,451.79",2019-09-02,2021-12-20,2023-01-15,100%,Completed,"Utility shifting, Rehabilitation & resettlement"
ST-0021,Chennai Pellet Plant,Ministry of Steel,Steel,Tamil Nadu,"3,114.11","3,494.91","3,053.31",2020-07-29,2023-01-15,2023-05-21,100%,Completed,
ST-0022,New Terminal Building at Nagpur Airport,Ministry of Civil Aviation,Civil Aviation,Maharashtra,277.64,277.64,272.97,2023-05-10,2026-06-23,2026-06-23,100%,Completed,
ST-0023,Ludhiana Super Thermal Power Project Stage-III,Ministry of Power,Power,Punjab,"17,679.62","30,348.98","20,750.08",2019-02-09,2024-02-13,2027-07-07,70%,Delayed,
ST-0024,Doubling Jammu–Udhampur,Ministry of Railways,Railways,Jammu & Kashmir,"19,731.81","19,731.81","17,513.05",2018-10-15,2022-10-24,2023-02-24,100%,Completed,
ST-0025,Vizag–Vizianagaram River Link Canal,Ministry of Jal Shakti,Water Resources,Andhra Pradesh,"10,128.65","10,128.65","4,195.69",2023-05-20,2028-08-21,2030-08-27,46%,Delayed,"Land acquisition, Monsoon / geological surprises"
ST-0026,Mangaluru–Udupi Expressway Pkg-5,Ministry of Road Transport & Highways,Road Transport & Highways,Karnataka,"23,236.59","25,057.61","19,002.27",2023-04-18,2027-02-26,2027-10-16,80%,Delayed,
ST-0027,Guwahati Opencast Expansion,Ministry of Coal,Coal,Assam,153.53,182.04,78.59,2023-06-21,2027-07-30,2028-06-25,46%,Delayed,Design changes
ST-0028,Gauge Conversion Kochi–Thrissur,Ministry of Railways,Railways,Kerala,"2,527.69","3,259.37","2,669.42",2023-10-20,2025-11-08,2026-10-09,94%,Delayed,"Funding constraints, Utility shifting"
ST-0029,Chennai–Vellore Natural Gas Pipeline,Ministry of Petroleum & Natural Gas,Petroleum & Natural Gas,Tamil Nadu,"3,047.42","3,066.75","1,596.09",2024-06-26,2028-03-07,2028-03-07,60%,On schedule,
ST-0030,Jaipur–Ajmer RRTS Corridor,Ministry of Housing & Urban Affairs,Urban Development,Rajasthan,"7,016.90","7,963.33","1,148.88",2025-08-02,2031-07-02,2031-07-02,11%,On schedule,
ST-0031,Imphal Opencast Expansion,Ministry of Coal,Coal,Manipur,547.47,547.47,574.84,2023-05-23,2025-08-10,2025-04-10,100%,Completed,
ST-0032,New Terminal Building at Mangaluru Airport,Ministry of Civil Aviation,Civil Aviation,Karnataka,868.01,868.01,192.97,2025-05-11,2030-01-15,2030-01-15,22%,On schedule,
ST-0033,Jammu Metro Phase-I,Ministry of Housing & Urban Affairs,Urban Development,Jammu & Kashmir,"20,003.71","26,738.99","24,759.28",2020-10-07,2026-07-08,2029-02-03,69%,Delayed,"Design changes, Contractual issues"
ST-0034,Patna Irrigation Project,Ministry of Jal Shakti,Water Resources,Bihar,"9,204.85","10,050.09","5,526.80",2022-11-03,2028-01-06,2028-10-03,58%,Delayed,
ST-0035,BharatNet Phase-III Vizag Circle,Department of Telecommunications,Telecommunications,Andhra Pradesh,"3,299.74","3,832.01","3,709.26",2017-11-29,2020-04-17,2020-12-27,100%,Completed,
ST-0036,Bhubaneswar–Cuttack 765kV Transmission Line,Ministry of Power,Power,Odisha,371.45,429.77,420.03,2017-09-02,2022-10-06,2025-01-18,100%,Completed,
ST-0037,Bypass at Patna,Ministry of Road Transport & Highways,Road Transport & Highways,Bihar,"14,934.49","16,432.81","8,192.67",2022-11-23,2028-08-23,2028-12-24,57%,Delayed,
ST-0038,4-laning of NH-55 Imphal–Jiribam,Ministry of Road Transport & Highways,Road Transport & Highways,Manipur,"14,774.44","14,774.44","11,207.22",2025-06-22,2027-09-10,2028-01-25,50%,Delayed,
ST-0039,Dehradun–Rishikesh River Link Canal,Ministry of Jal Shakti,Water Resources,Uttarakhand,204.86,204.86,81.26,2024-12-19,2027-04-08,2027-12-13,28%,Delayed,Contractual issues
ST-0040,Doubling Kochi–Thrissur,Ministry of Railways,Railways,Kerala,804.91,952.40,809.67,2020-06-16,2023-07-31,2025-02-25,100%,Completed,"Monsoon / geological surprises, Contractual issues"
ST-0041,Vizag Refinery Expansion,Ministry of Petroleum & Natural Gas,Petroleum & Natural Gas,Andhra Pradesh,836.09,"1,002.93",408.74,2024-03-21,2029-11-20,2030-04-23,30%,Delayed,Utility shifting
ST-0042,Vizag LPG Import Terminal,Ministry of Petroleum & Natural Gas,Petroleum & Natural Gas,Andhra Pradesh,"4,973.32","4,973.32","5,221.99",2021-11-21,2027-03-25,2027-03-14,94%,On schedule,
ST-0043,Jammu–Udhampur RRTS Corridor,Ministry of Housing & Urban Affairs,Urban Development,Jammu & Kashmir,"2,139.97","2,842.30","1,245.32",2024-12-17,2027-06-05,2027-11-19,45%,Delayed,Monsoon / geological surprises
ST-0044,Lucknow–Kanpur Expressway Pkg-60,Ministry of Road Transport & Highways,Road Transport & Highways,Uttar Pradesh,268.03,268.03,248.56,2024-08-08,2026-09-27,2026-08-05,100%,Completed,
ST-0045,New Terminal Building at Jammu Airport,Ministry of Civil Aviation,Civil Aviation,Jammu & Kashmir,"9,806.82","9,806.82","10,297.16",2019-06-18,2025-01-17,2024-03-17,100%,Completed,
ST-0046,Bhubaneswar–Cuttack RRTS Corridor,Ministry of Housing & Urban Affairs,Urban Development,Odisha,"23,786.70","23,786.70","23,608.22",2020-10-17,2024-03-30,2026-08-01,100%,Completed,
ST-0047,Shimla–Kalka 765kV Transmission Line,Ministry of Power,Power,Himachal Pradesh,"13,239.06","14,741.49","15,352.99",2022-06-01,2024-07-20,2025-03-03,100%,Completed,
ST-0048,Ludhiana Metro Phase-I,Ministry of Housing & Urban Affairs,Urban Development,Punjab,"18,785.06","18,785.06","16,833.20",2023-06-16,2026-05-01,2025-12-10,100%,Completed,
ST-0049,4G Saturation Hyderabad Circle,Department of Telecommunications,Telecommunications,Telangana,403.80,488.14,410.48,2023-08-22,2026-01-08,2026-12-13,96%,Delayed,Forest clearance
ST-0050,Kochi–Thrissur Expressway Pkg-51,Ministry of Road Transport & Highways,Road Transport & Highways,Kerala,"13,367.58","14,211.52","12,102.28",2017-08-07,2019-08-27,2019-08-19,100%,Completed,
ST-0051,Mangaluru Refinery Expansion,Ministry of Petroleum & Natural Gas,Petroleum & Natural Gas,Karnataka,"13,511.42","17,826.89","16,844.67",2018-02-01,2020-01-22,2021-01-29,100%,Completed,Land acquisition
ST-0052,Bypass at Rohtak,Ministry of Road Transport & Highways,Road Transport & Highways,Haryana,"13,983.36","17,132.62","16,308.40",2018-10-11,2021-11-24,2022-11-22,100%,Completed,"Contractual issues, Forest clearance"
ST-0053,New Line Mangaluru–Udupi,Ministry of Railways,Railways,Karnataka,"24,009.52","24,154.97","21,830.37",2020-02-20,2024-06-28,2025-01-05,100%,Completed,
ST-0054,Gauge Conversion Bhopal–Itarsi,Ministry of Railways,Railways,Madhya Pradesh,850.54,"1,038.57","1,037.36",2023-10-03,2025-11-21,2026-11-20,96%,Delayed,Land acquisition
ST-0055,Gauge Conversion Hyderabad–Warangal,Ministry of Railways,Railways,Telangana,822.76,822.76,810.03,2019-05-21,2024-01-25,2025-03-15,100%,Completed,
ST-0056,New Line Vizag–Vizianagaram,Ministry of Railways,Railways,Andhra Pradesh,"7,868.48","13,278.80","13,942.74",2021-07-17,2024-05-02,2026-11-20,87%,Delayed,"Monsoon / geological surprises, Utility shifting"
ST-0057,4-laning of NH-63 Mangaluru–Udupi,Ministry of Road Transport & Highways,Road Transport & Highways,Karnataka,"2,986.18","2,986.18","1,529.15",2022-01-13,2027-03-18,2027-09-25,57%,Delayed,"Utility shifting, Environment clearance"
ST-0058,Gauge Conversion Raipur–Bilaspur,Ministry of Railways,Railways,Chhattisgarh,"1,229.95","1,706.40","1,509.67",2018-09-26,2021-07-12,2025-03-04,100%,Completed,
ST-0059,Surat LPG Import Terminal,Ministry of Petroleum & Natural Gas,Petroleum & Natural Gas,Gujarat,"4,275.93","4,450.10","4,672.61",2018-04-13,2023-02-16,2023-11-19,100%,Completed,
ST-0060,Raipur Metro Phase-II,Ministry of Housing & Urban Affairs,Urban Development,Chhattisgarh,"8,072.50","8,072.50","8,476.12",2019-05-17,2022-08-29,2023-11-17,100%,Completed,
ST-0061,4-laning of NH-39 Raipur–Bilaspur,Ministry of Road Transport & Highways,Road Transport & Highways,Chhattisgarh,543.48,658.77,583.16,2019-02-14,2022-05-29,2023-08-15,100%,Completed,"Law & order, Design changes"
ST-0062,Chennai–Vellore Natural Gas Pipeline,Ministry of Petroleum & Natural Gas,Petroleum & Natural Gas,Tamil Nadu,"2,670.88","2,804.88","1,455.44",2024-07-16,2029-05-21,2029-05-21,48%,On schedule,
ST-0063,New Line Jaipur–Ajmer,Ministry of Railways,Railways,Rajasthan,"23,607.32","25,277.90","13,857.73",2024-02-17,2028-07-25,2028-07-12,60%,On schedule,
ST-0064,Jammu Super Thermal Power Project Stage-III,Ministry of Power,Power,Jammu & Kashmir,"7,117.56","7,117.56","4,058.18",2025-01-28,2027-09-15,2027-05-11,65%,On schedule,
ST-0065,Electrification Rohtak–Hisar,Ministry of Railways,Railways,Haryana,997.37,997.37,151.24,2025-11-22,2029-10-02,2030-02-24,14%,Delayed,
ST-0066,Bypass at Nagpur,Ministry of Road Transport & Highways,Road Transport & Highways,Maharashtra,310.92,310.92,127.13,2022-05-14,2027-12-14,2027-12-14,48%,On schedule,"Rehabilitation & resettlement, Forest clearance"
ST-0067,BharatNet Phase-II Patna Circle,Department of Telecommunications,Telecommunications,Bihar,"10,970.83","10,970.83","3,463.54",2023-08-06,2028-12-07,2028-12-07,36%,On schedule,Environment clearance
ST-0068,4-laning of NH-13 Guwahati–Silchar,Ministry of Road Transport & Highways,Road Transport & Highways,Assam,956.55,"1,192.34","1,251.96",2022-10-09,2025-03-27,2026-11-20,99%,Delayed,Forest clearance
ST-0069,Electrification Surat–Vadodara,Ministry of Railways,Railways,Gujarat,"4,451.01","5,192.72","5,134.84",2018-11-13,2021-03-02,2022-10-06,100%,Completed,Forest clearance
ST-0070,Lucknow Opencast Expansion,Ministry of Coal,Coal,Uttar Pradesh,"20,078.28","21,780.52","22,869.55",2020-03-29,2024-12-03,2025-06-02,100%,Completed,
ST-0071,Electrification Dehradun–Rishikesh,Ministry of Railways,Railways,Uttarakhand,379.89,404.20,122.51,2025-06-30,2029-06-09,2029-05-17,32%,On schedule,
ST-0072,Guwahati Inland Waterway Terminal,"Ministry of Ports, Shipping & Waterways",Shipping & Ports,Assam,182.74,229.42,228.90,2021-05-25,2025-10-31,2026-10-25,93%,Delayed,Environment clearance
ST-0073,Deep Draught Berth at Chennai,"Ministry of Ports, Shipping & Waterways",Shipping & Ports,Tamil Nadu,896.16,896.16,884.03,2020-09-09,2023-02-26,2022-10-14,100%,Completed,
ST-0074,Ludhiana Steel Plant Modernisation,Ministry of Steel,Steel,Punjab,"13,516.76","13,516.76","10,244.51",2023-03-11,2027-08-17,2027-05-24,83%,On schedule,
ST-0075,Deep Draught Berth at Ranchi,"Ministry of Ports, Shipping & Waterways",Shipping & Ports,Jharkhand,707.61,783.54,244.56,2025-11-14,2027-11-04,2027-12-28,28%,Delayed,Law & order
ST-0076,Ludhiana–Jalandhar 765kV Transmission Line,Ministry of Power,Power,Punjab,"2,077.95","2,077.95","2,060.21",2020-02-24,2025-05-28,2026-04-17,100%,Completed,
ST-0077,Electrification Vizag–Vizianagaram,Ministry of Railways,Railways,Andhra Pradesh,"21,636.43","21,636.43","18,640.34",2017-09-09,2020-04-26,2020-12-18,100%,Completed,
ST-0078,Bhopal–Itarsi River Link Canal,Ministry of Jal Shakti,Water Resources,Madhya Pradesh,"4,823.76","4,823.76","2,359.78",2023-12-26,2028-11-29,2032-04-02,31%,Delayed,
ST-0079,New Line Jammu–Udhampur,Ministry of Railways,Railways,Jammu & Kashmir,"2,216.92","2,634.62","1,601.63",2022-08-19,2026-10-27,2027-10-18,70%,Delayed,"Environment clearance, Forest clearance"
ST-0080,New Terminal Building at Vizag Airport,Ministry of Civil Aviation,Civil Aviation,Andhra Pradesh,"9,840.04","9,840.04","10,332.04",2021-04-09,2025-12-14,2025-04-02,100%,Completed,
ST-0081,Deep Draught Berth at Ranchi,"Ministry of Ports, Shipping & Waterways",Shipping & Ports,Jharkhand,630.97,833.85,808.77,2018-04-19,2020-07-07,2022-04-26,100%,Completed,Design changes
ST-0082,Jaipur LPG Import Terminal,Ministry of Petroleum & Natural Gas,Petroleum & Natural Gas,Rajasthan,459.80,459.80,116.73,2024-12-25,2029-10-30,2030-03-10,24%,Delayed,
ST-0083,New Line Mangaluru–Udupi,Ministry of Railways,Railways,Karnataka,777.15,808.85,839.96,2020-06-10,2024-01-21,2024-11-02,100%,Completed,
ST-0084,Kochi–Thrissur Expressway Pkg-85,Ministry of Road Transport & Highways,Road Transport & Highways,Kerala,409.22,588.26,271.67,2021-02-15,2026-07-19,2031-02-01,54%,Delayed,Environment clearance
ST-0085,Doubling Rohtak–Hisar,Ministry of Railways,Railways,Haryana,803.75,849.90,593.63,2022-12-18,2027-03-27,2027-12-28,68%,Delayed,
ST-0086,Siliguri Super Thermal Power Project Stage-I,Ministry of Power,Power,West Bengal,"10,751.70","10,751.70","9,760.49",2021-07-04,2025-08-12,2025-07-03,100%,Completed,
ST-0087,4-laning of NH-38 Vizag–Vizianagaram,Ministry of Road Transport & Highways,Road Transport & Highways,Andhra Pradesh,"15,295.14","15,295.14","15,525.77",2018-06-29,2021-01-14,2023-01-01,100%,Completed,"Law & order, Design changes"
ST-0088,Jaipur Refinery Expansion,Ministry of Petroleum & Natural Gas,Petroleum & Natural Gas,Rajasthan,"2,777.75","2,777.75","2,407.90",2022-08-02,2024-07-22,2024-11-16,100%,Completed,
ST-0089,Nagpur Refinery Expansion,Ministry of Petroleum & Natural Gas,Petroleum & Natural Gas,Maharashtra,635.05,635.05,541.10,2021-12-19,2026-09-24,2026-11-17,96%,Delayed,
ST-0090,4-laning of NH-60 Chennai–Vellore,Ministry of Road Transport & Highways,Road Transport & Highways,Tamil Nadu,"18,934.65","18,934.65","19,881.38",2021-12-10,2026-06-17,2026-04-15,100%,Completed,
